John,Marston,MALE,1111,GroupName;
Maria,Depp,FEMALE,2222,GroupName;
Jake,Willson1,MALE,3333,GroupName;
Jake,Willson2,MALE,3333,GroupName;
Jake,Willson3,MALE,3333,GroupName;
Jake,Willson4,MALE,3333,GroupName;
Jake,Willson5,MALE,3333,GroupName;
Jake,Willson6,MALE,3333,GroupName;
Jake,Willson7,MALE,3333,GroupName;
Jake,Willson7,MALE,3333,GroupName;
John,Marston,MALE,1111,GroupName;
Maria,Depp,FEMALE,2222,GroupName;
Jake,Willson1,MALE,3333,GroupName;
Jake,Willson2,MALE,3333,GroupName;
Jake,Willson3,MALE,3333,GroupName;
Jake,Willson4,MALE,3333,GroupName;
Jake,Willson5,MALE,3333,GroupName;
Jake,Willson6,MALE,3333,GroupName;
Jake,Willson7,MALE,3333,GroupName;
Jake,Willson7,MALE,3333,GroupName;
John,Marston,MALE,1111,GroupName;
Maria,Depp,FEMALE,2222,GroupName;
Jake,Willson1,MALE,3333,GroupName;
Jake,Willson2,MALE,3333,GroupName;
Jake,Willson3,MALE,3333,GroupName;
Jake,Willson4,MALE,3333,GroupName;
Jake,Willson5,MALE,3333,GroupName;
Jake,Willson6,MALE,3333,GroupName;
Jake,Willson7,MALE,3333,GroupName;
Jake,Willson7,MALE,3333,GroupName;
John,Marston,MALE,1111,GroupName;
Maria,Depp,FEMALE,2222,GroupName;
Jake,Willson1,MALE,3333,GroupName;
Jake,Willson2,MALE,3333,GroupName;
Jake,Willson3,MALE,3333,GroupName;
Jake,Willson4,MALE,3333,GroupName;
Jake,Willson5,MALE,3333,GroupName;
Jake,Willson6,MALE,3333,GroupName;
Jake,Willson7,MALE,3333,GroupName;
Jake,Willson7,MALE,3333,GroupName;
John,Marston,MALE,1111,GroupName;
Maria,Depp,FEMALE,2222,GroupName;
Jake,Willson1,MALE,3333,GroupName;
Jake,Willson2,MALE,3333,GroupName;
Jake,Willson3,MALE,3333,GroupName;
Jake,Willson4,MALE,3333,GroupName;
Jake,Willson5,MALE,3333,GroupName;
Jake,Willson6,MALE,3333,GroupName;
Jake,Willson7,MALE,3333,GroupName;
Jake,Willson7,MALE,3333,GroupName;
John,Marston,MALE,1111,GroupName;
Maria,Depp,FEMALE,2222,GroupName;
Jake,Willson1,MALE,3333,GroupName;
Jake,Willson2,MALE,3333,GroupName;
Jake,Willson3,MALE,3333,GroupName;
Jake,Willson4,MALE,3333,GroupName;
Jake,Willson5,MALE,3333,GroupName;
Jake,Willson6,MALE,3333,GroupName;
Jake,Willson7,MALE,3333,GroupName;
Jake,Willson7,MALE,3333,GroupName;
John,Marston,MALE,1111,GroupName;
Maria,Depp,FEMALE,2222,GroupName;
Jake,Willson1,MALE,3333,GroupName;
Jake,Willson2,MALE,3333,GroupName;
Jake,Willson3,MALE,3333,GroupName;
Jake,Willson4,MALE,3333,GroupName;
Jake,Willson5,MALE,3333,GroupName;
Jake,Willson6,MALE,3333,GroupName;
Jake,Willson7,MALE,3333,GroupName;
Jake,Willson7,MALE,3333,GroupName;
John,Marston,MALE,1111,GroupName;
Maria,Depp,FEMALE,2222,GroupName;
Jake,Willson1,MALE,3333,GroupName;
Jake,Willson2,MALE,3333,GroupName;
Jake,Willson3,MALE,3333,GroupName;
Jake,Willson4,MALE,3333,GroupName;
Jake,Willson5,MALE,3333,GroupName;
Jake,Willson6,MALE,3333,GroupName;
Jake,Willson7,MALE,3333,GroupName;
Jake,Willson7,MALE,3333,GroupName;
John,Marston,MALE,1111,GroupName;
Maria,Depp,FEMALE,2222,GroupName;
Jake,Willson1,MALE,3333,GroupName;
Jake,Willson2,MALE,3333,GroupName;
Jake,Willson3,MALE,3333,GroupName;
Jake,Willson4,MALE,3333,GroupName;
Jake,Willson5,MALE,3333,GroupName;
Jake,Willson6,MALE,3333,GroupName;
Jake,Willson8,MALE,3333,GroupName;
Jake,Willson8,MALE,3333,GroupName;
John,Marston,MALE,1111,GroupName;
Maria,Depp,FEMALE,2222,GroupName;
Jake,Willson1,MALE,3333,GroupName;
Jake,Willson2,MALE,3333,GroupName;
Jake,Willson3,MALE,3333,GroupName;
Jake,Willson4,MALE,3333,GroupName;
Jake,Willson5,MALE,3333,GroupName;
Jake,Willson6,MALE,3333,GroupName;
Jake,Willson7,MALE,3333,GroupName;
Jake,Willson7,MALE,3333,GroupName;
John,Marston,MALE,1111,GroupName;
Maria,Depp,FEMALE,2222,GroupName;
Jake,Willson1,MALE,3333,GroupName;
Jake,Willson2,MALE,3333,GroupName;
Jake,Willson3,MALE,3333,GroupName;
Jake,Willson4,MALE,3333,GroupName;
Jake,Willson5,MALE,3333,GroupName;
Jake,Willson6,MALE,3333,GroupName;
Jake,Willson7,MALE,3333,GroupName;
Jake,Willson7,MALE,3333,GroupName;
John,Marston,MALE,1111,GroupName;
Maria,Depp,FEMALE,2222,GroupName;
Jake,Willson1,MALE,3333,GroupName;
Jake,Willson2,MALE,3333,GroupName;
Jake,Willson3,MALE,3333,GroupName;
Jake,Willson4,MALE,3333,GroupName;
Jake,Willson5,MALE,3333,GroupName;
Jake,Willson6,MALE,3333,GroupName;
Jake,Willson7,MALE,3333,GroupName;
Jake,Willson7,MALE,3333,GroupName;
John,Marston,MALE,1111,GroupName;
Maria,Depp,FEMALE,2222,GroupName;
Jake,Willson1,MALE,3333,GroupName;
Jake,Willson2,MALE,3333,GroupName;
Jake,Willson3,MALE,3333,GroupName;
Jake,Willson4,MALE,3333,GroupName;
Jake,Willson5,MALE,3333,GroupName;
Jake,Willson6,MALE,3333,GroupName;
Jake,Willson7,MALE,3333,GroupName;
Jake,Willson7,MALE,3333,GroupName;
John,Marston,MALE,1111,GroupName;
Maria,Depp,FEMALE,2222,GroupName;
Jake,Willson1,MALE,3333,GroupName;
Jake,Willson2,MALE,3333,GroupName;
Jake,Willson3,MALE,3333,GroupName;
Jake,Willson4,MALE,3333,GroupName;
Jake,Willson5,MALE,3333,GroupName;
Jake,Willson6,MALE,3333,GroupName;
Jake,Willson7,MALE,3333,GroupName;
Jake,Willson8,MALE,3333,GroupName;
John,Marston,MALE,1111,GroupName;
Maria,Depp,FEMALE,2222,GroupName;
Jake,Willson1,MALE,3333,GroupName;
Jake,Willson2,MALE,3333,GroupName;
Jake,Willson3,MALE,3333,GroupName;
Jake,Willson4,MALE,3333,GroupName;
Jake,Willson5,MALE,3333,GroupName;
Jake,Willson6,MALE,3333,GroupName;
Jake,Willson7,MALE,3333,GroupName;
Jake,Willson8,MALE,3333,GroupName;
John,Marston,MALE,1111,GroupName;
Maria,Depp,FEMALE,2222,GroupName;
Jake,Willson1,MALE,3333,GroupName;
Jake,Willson2,MALE,3333,GroupName;
Jake,Willson3,MALE,3333,GroupName;
Jake,Willson4,MALE,3333,GroupName;
Jake,Willson5,MALE,3333,GroupName;
Jake,Willson6,MALE,3333,GroupName;
Jake,Willson7,MALE,3333,GroupName;
Jake,Willson8,MALE,3333,GroupName;
John,Marston,MALE,1111,GroupName;
Maria,Depp,FEMALE,2222,GroupName;
Jake,Willson1,MALE,3333,GroupName;
Jake,Willson2,MALE,3333,GroupName;
Jake,Willson3,MALE,3333,GroupName;
Jake,Willson4,MALE,3333,GroupName;
Jake,Willson5,MALE,3333,GroupName;
Jake,Willson6,MALE,3333,GroupName;
Jake,Willson7,MALE,3333,GroupName;
Jake,Willson8,MALE,3333,GroupName;
John,Marston,MALE,1111,GroupName;
Maria,Depp,FEMALE,2222,GroupName;
Jake,Willson1,MALE,3333,GroupName;
Jake,Willson2,MALE,3333,GroupName;
Jake,Willson3,MALE,3333,GroupName;
Jake,Willson4,MALE,3333,GroupName;
Jake,Willson5,MALE,3333,GroupName;
Jake,Willson6,MALE,3333,GroupName;
Jake,Willson7,MALE,3333,GroupName;
Jake,Willson8,MALE,3333,GroupName;
John,Marston,MALE,1111,GroupName;
Maria,Depp,FEMALE,2222,GroupName;
Jake,Willson1,MALE,3333,GroupName;
Jake,Willson2,MALE,3333,GroupName;
Jake,Willson3,MALE,3333,GroupName;
Jake,Willson4,MALE,3333,GroupName;
Jake,Willson5,MALE,3333,GroupName;
Jake,Willson6,MALE,3333,GroupName;
Jake,Willson7,MALE,3333,GroupName;
Jake,Willson8,MALE,3333,GroupName;
John,Marston,MALE,1111,GroupName;
Maria,Depp,FEMALE,2222,GroupName;
Jake,Willson1,MALE,3333,GroupName;
Jake,Willson2,MALE,3333,GroupName;
Jake,Willson3,MALE,3333,GroupName;
Jake,Willson4,MALE,3333,GroupName;
Jake,Willson5,MALE,3333,GroupName;
Jake,Willson6,MALE,3333,GroupName;
Jake,Willson7,MALE,3333,GroupName;
Jake,Willson7,MALE,3333,GroupName;
John,Marston,MALE,1111,GroupName;
Maria,Depp,FEMALE,2222,GroupName;
Jake,Willson1,MALE,3333,GroupName;
Jake,Willson2,MALE,3333,GroupName;
Jake,Willson3,MALE,3333,GroupName;
Jake,Willson4,MALE,3333,GroupName;
Jake,Willson5,MALE,3333,GroupName;
Jake,Willson6,MALE,3333,GroupName;
Jake,Willson7,MALE,3333,GroupName;
Jake,Willson7,MALE,3333,GroupName;
John,Marston,MALE,1111,GroupName;
Maria,Depp,FEMALE,2222,GroupName;
Jake,Willson1,MALE,3333,GroupName;
Jake,Willson2,MALE,3333,GroupName;
Jake,Willson3,MALE,3333,GroupName;
Jake,Willson4,MALE,3333,GroupName;
Jake,Willson5,MALE,3333,GroupName;
Jake,Willson6,MALE,3333,GroupName;
Jake,Willson7,MALE,3333,GroupName;
Jake,Willson8,MALE,3333,GroupName;
John,Marston,MALE,1111,GroupName;
Maria,Depp,FEMALE,2222,GroupName;
Jake,Willson1,MALE,3333,GroupName;
Jake,Willson2,MALE,3333,GroupName;
Jake,Willson3,MALE,3333,GroupName;
Jake,Willson4,MALE,3333,GroupName;
Jake,Willson5,MALE,3333,GroupName;
Jake,Willson6,MALE,3333,GroupName;
Jake,Willson1,MALE,3333,GroupName;
Jake,Willson8,MALE,3333,GroupName;
John,Marston,MALE,1111,GroupName;
Maria,Depp,FEMALE,2222,GroupName;
Jake,Willson1,MALE,3333,GroupName;
Jake,Willson2,MALE,3333,GroupName;
Jake,Willson3,MALE,3333,GroupName;
Jake,Willson4,MALE,3333,GroupName;
Jake,Willson5,MALE,3333,GroupName;
Jake,Willson6,MALE,3333,GroupName;
Jake,Willson7,MALE,3333,GroupName;
Jake,Willson8,MALE,3333,GroupName;
John,Marston,MALE,1111,GroupName;
Maria,Depp,FEMALE,2222,GroupName;
Jake,Willson1,MALE,3333,GroupName;
Jake,Willson2,MALE,3333,GroupName;
Jake,Willson3,MALE,3333,GroupName;
Jake,Willson4,MALE,3333,GroupName;
Jake,Willson5,MALE,3333,GroupName;
Jake,Willson6,MALE,3333,GroupName;
Jake,Willson7,MALE,3333,GroupName;
Jake,Willson8,MALE,3333,GroupName;
John,Marston,MALE,1111,GroupName;
Maria,Depp,FEMALE,2222,GroupName;
Jake,Willson1,MALE,3333,GroupName;
Jake,Willson2,MALE,3333,GroupName;
Jake,Willson3,MALE,3333,GroupName;
Jake,Willson4,MALE,3333,GroupName;
Jake,Willson5,MALE,3333,GroupName;
Jake,Willson6,MALE,3333,GroupName;
Jake,Willson7,MALE,3333,GroupName;
Jake,Willson8,MALE,3333,GroupName;
John,Marston,MALE,1111,GroupName;
Maria,Depp,FEMALE,2222,GroupName;
Jake,Abraham,MALE,3333,GroupName;
Jake,Willson2,MALE,3333,GroupName;
Jake,Willson3,MALE,3333,GroupName;
Jake,Willson4,MALE,3333,GroupName;
Jake,Willson5,MALE,3333,GroupName;
Jake,Willson6,MALE,3333,GroupName;
Jake,Willson7,MALE,3333,GroupName;
Jake,Willson8,MALE,3333,GroupName;
